{"cameraMode":{"drawMode":0,"name":"Shaded","section":"Shading Mode"},"sceneLighting":true,"audioPlay":false,"sceneViewState":{"showFog":true,"showMaterialUpdate":false,"showSkybox":true,"showFlares":true,"showImageEffects":true,"showParticleSystems":true},"in2DMode":false,"pivot":{"x":52.40764617919922,"y":7.812738418579102,"z":51.50719451904297},"rotation":{"x":0.6075754761695862,"y":-0.3923722505569458,"z":0.483343243598938,"w":0.4932402968406677},"size":1.2479901313781739,"orthographic":false}