{"cameraMode":{"drawMode":0,"name":"Shaded","section":"Shading Mode"},"sceneLighting":false,"audioPlay":false,"sceneViewState":{"showFog":true,"showMaterialUpdate":false,"showSkybox":false,"showFlares":true,"showImageEffects":true,"showParticleSystems":true},"in2DMode":false,"pivot":{"x":-0.09628725051879883,"y":0.379645437002182,"z":-0.017827212810516359},"rotation":{"x":0.01177985593676567,"y":-0.9828478693962097,"z":0.1712435781955719,"w":0.06762447208166123},"size":0.7550324201583862,"orthographic":false}